{
    "lookat_camera": { "from": [0,0.5,4] },
    "meshes": [
        {
            "json_mesh": "models/monkey_rot_subdiv.json",
            "frame": { "o": [-1.25,-1,-1] },
            "material": { "kd": [0.5,0.7,0.5], "ks": [0.3,0.3,0.3], "n": 10 }
        }
    ],
    "surfaces": [
        {
            "frame": { "o": [1.25,0,-1] },
            "material": { "kd": [0.7,0.5,0.5], "ks": [0.3,0.3,0.3], "n": 10 }
        },
        {
            "frame": { "o": [0,-1,0], "x": [1,0,0], "y": [0,0,-1], "z": [0,1,0] },
            "radius":  10, "isquad": true,
            "material": { "kd": [1,1,1], "ks": [0,0,0], "n": 10 }
        }
    ],
    "background": [1,1,1],
    "background_txt": "models/pisa_latlong.pfm",
    "image_samples": 32,
    "path_max_depth": 0
}
