[
  {
    "name": "default", 
    "material": {
      "ks": [
        0.0, 
        0.0, 
        0.0
      ], 
      "kd": [
        0.725, 
        0.71, 
        0.68
      ], 
      "n": 10.0
    }, 
    "pos": [
      -1.01, 
      0.0, 
      0.99, 
      1.0, 
      0.0, 
      0.99, 
      1.0, 
      0.0, 
      -1.04, 
      -0.99, 
      0.0, 
      -1.04
    ], 
    "quad": [
      0, 
      1, 
      2, 
      3
    ], 
    "norm": [
      0.0, 
      1.0, 
      0.0, 
      0.0, 
      1.0, 
      0.0, 
      0.0, 
      1.0, 
      0.0, 
      0.0, 
      1.0, 
      0.0
    ]
  }, 
  {
    "name": "default", 
    "material": {
      "ks": [
        0.0, 
        0.0, 
        0.0
      ], 
      "kd": [
        0.725, 
        0.71, 
        0.68
      ], 
      "n": 10.0
    }, 
    "pos": [
      -1.02, 
      1.99, 
      0.99, 
      -1.02, 
      1.99, 
      -1.04, 
      1.0, 
      1.99, 
      -1.04, 
      1.0, 
      1.99, 
      0.99
    ], 
    "quad": [
      0, 
      1, 
      2, 
      3
    ], 
    "norm": [
      0.0, 
      -1.0, 
      0.0, 
      0.0, 
      -1.0, 
      0.0, 
      0.0, 
      -1.0, 
      0.0, 
      0.0, 
      -1.0, 
      0.0
    ]
  }, 
  {
    "name": "default", 
    "material": {
      "ks": [
        0.0, 
        0.0, 
        0.0
      ], 
      "kd": [
        0.725, 
        0.71, 
        0.68
      ], 
      "n": 10.0
    }, 
    "pos": [
      -0.99, 
      0.0, 
      -1.04, 
      1.0, 
      0.0, 
      -1.04, 
      1.0, 
      1.99, 
      -1.04, 
      -1.02, 
      1.99, 
      -1.04
    ], 
    "quad": [
      0, 
      1, 
      2, 
      3
    ], 
    "norm": [
      0.0, 
      0.0, 
      1.0, 
      0.0, 
      0.0, 
      1.0, 
      0.0, 
      0.0, 
      1.0, 
      0.0, 
      0.0, 
      1.0
    ]
  }, 
  {
    "name": "default", 
    "material": {
      "ks": [
        0.0, 
        0.0, 
        0.0
      ], 
      "kd": [
        0.14, 
        0.45, 
        0.091
      ], 
      "n": 10.0
    }, 
    "pos": [
      1.0, 
      0.0, 
      -1.04, 
      1.0, 
      0.0, 
      0.99, 
      1.0, 
      1.99, 
      0.99, 
      1.0, 
      1.99, 
      -1.04
    ], 
    "quad": [
      0, 
      1, 
      2, 
      3
    ], 
    "norm": [
      -1.0, 
      0.0, 
      0.0, 
      -1.0, 
      0.0, 
      0.0, 
      -1.0, 
      0.0, 
      0.0, 
      -1.0, 
      0.0, 
      0.0
    ]
  }, 
  {
    "name": "default", 
    "material": {
      "ks": [
        0.0, 
        0.0, 
        0.0
      ], 
      "kd": [
        0.63, 
        0.065, 
        0.05
      ], 
      "n": 10.0
    }, 
    "pos": [
      -1.01, 
      0.0, 
      0.99, 
      -0.99, 
      0.0, 
      -1.04, 
      -1.02, 
      1.99, 
      -1.04, 
      -1.02, 
      1.99, 
      0.99
    ], 
    "quad": [
      0, 
      1, 
      2, 
      3
    ], 
    "norm": [
      0.9998378728548056, 
      0.015072932756605123, 
      0.009850619436993167, 
      0.9998378728548056, 
      0.015072932756605123, 
      0.009850619436993167, 
      0.9998378728548056, 
      0.015072932756605123, 
      0.009850619436993167, 
      0.9998378728548056, 
      0.015072932756605123, 
      0.009850619436993167
    ]
  }, 
  {
    "name": "default", 
    "material": {
      "ks": [
        0.0, 
        0.0, 
        0.0
      ], 
      "kd": [
        0.725, 
        0.71, 
        0.68
      ], 
      "n": 10.0
    }, 
    "pos": [
      0.53, 
      0.6, 
      0.75, 
      0.7, 
      0.6, 
      0.17, 
      0.13, 
      0.6, 
      0.0, 
      -0.05, 
      0.6, 
      0.57, 
      -0.05, 
      0.0, 
      0.57, 
      -0.05, 
      0.6, 
      0.57, 
      0.13, 
      0.6, 
      0.0, 
      0.13, 
      0.0, 
      0.0, 
      0.53, 
      0.0, 
      0.75, 
      0.53, 
      0.6, 
      0.75, 
      -0.05, 
      0.6, 
      0.57, 
      -0.05, 
      0.0, 
      0.57, 
      0.7, 
      0.0, 
      0.17, 
      0.7, 
      0.6, 
      0.17, 
      0.53, 
      0.6, 
      0.75, 
      0.53, 
      0.0, 
      0.75, 
      0.13, 
      0.0, 
      0.0, 
      0.13, 
      0.6, 
      0.0, 
      0.7, 
      0.6, 
      0.17, 
      0.7, 
      0.0, 
      0.17
    ], 
    "quad": [
      0, 
      1, 
      2, 
      3, 
      4, 
      5, 
      6, 
      7, 
      8, 
      9, 
      10, 
      11, 
      12, 
      13, 
      14, 
      15, 
      16, 
      17, 
      18, 
      19, 
      12, 
      13, 
      14, 
      15
    ], 
    "norm": [
      0.0, 
      1.0, 
      0.0, 
      0.0, 
      1.0, 
      0.0, 
      0.0, 
      1.0, 
      0.0, 
      0.0, 
      1.0, 
      0.0, 
      -0.9535826651341416, 
      0.0, 
      -0.3011313679370974, 
      -0.9535826651341416, 
      0.0, 
      -0.3011313679370974, 
      -0.9535826651341416, 
      0.0, 
      -0.3011313679370974, 
      -0.9535826651341416, 
      0.0, 
      -0.3011313679370974, 
      -0.29639921487245297, 
      0.0, 
      0.9550641368112373, 
      -0.29639921487245297, 
      0.0, 
      0.9550641368112373, 
      -0.29639921487245297, 
      0.0, 
      0.9550641368112373, 
      -0.29639921487245297, 
      0.0, 
      0.9550641368112373, 
      0.9596285438852137, 
      0.0, 
      0.2812704352767004, 
      0.9596285438852137, 
      0.0, 
      0.2812704352767004, 
      0.9596285438852137, 
      0.0, 
      0.2812704352767004, 
      0.9596285438852137, 
      0.0, 
      0.2812704352767004, 
      0.2858051216341118, 
      0.0, 
      -0.9582877607731983, 
      0.2858051216341118, 
      0.0, 
      -0.9582877607731983, 
      0.2858051216341118, 
      0.0, 
      -0.9582877607731983, 
      0.2858051216341118, 
      0.0, 
      -0.9582877607731983
    ]
  }, 
  {
    "name": "default", 
    "material": {
      "ks": [
        0.0, 
        0.0, 
        0.0
      ], 
      "kd": [
        0.725, 
        0.71, 
        0.68
      ], 
      "n": 10.0
    }, 
    "pos": [
      -0.53, 
      1.2, 
      0.09, 
      0.04, 
      1.2, 
      -0.09, 
      -0.14, 
      1.2, 
      -0.67, 
      -0.71, 
      1.2, 
      -0.49, 
      -0.53, 
      0.0, 
      0.09, 
      -0.53, 
      1.2, 
      0.09, 
      -0.71, 
      1.2, 
      -0.49, 
      -0.71, 
      0.0, 
      -0.49, 
      -0.71, 
      0.0, 
      -0.49, 
      -0.71, 
      1.2, 
      -0.49, 
      -0.14, 
      1.2, 
      -0.67, 
      -0.14, 
      0.0, 
      -0.67, 
      -0.14, 
      0.0, 
      -0.67, 
      -0.14, 
      1.2, 
      -0.67, 
      0.04, 
      1.2, 
      -0.09, 
      0.04, 
      0.0, 
      -0.09, 
      0.04, 
      0.0, 
      -0.09, 
      0.04, 
      1.2, 
      -0.09, 
      -0.53, 
      1.2, 
      0.09, 
      -0.53, 
      0.0, 
      0.09
    ], 
    "quad": [
      0, 
      1, 
      2, 
      3, 
      4, 
      5, 
      6, 
      7, 
      8, 
      9, 
      10, 
      11, 
      12, 
      13, 
      14, 
      15, 
      16, 
      17, 
      18, 
      19, 
      16, 
      17, 
      18, 
      19
    ], 
    "norm": [
      0.0, 
      1.0, 
      0.0, 
      0.0, 
      1.0, 
      0.0, 
      0.0, 
      1.0, 
      0.0, 
      0.0, 
      1.0, 
      0.0, 
      -0.9550641368112373, 
      0.0, 
      0.29639921487245285, 
      -0.9550641368112373, 
      0.0, 
      0.29639921487245285, 
      -0.9550641368112373, 
      0.0, 
      0.29639921487245285, 
      -0.9550641368112373, 
      0.0, 
      0.29639921487245285, 
      -0.30113136793709744, 
      0.0, 
      -0.9535826651341416, 
      -0.30113136793709744, 
      0.0, 
      -0.9535826651341416, 
      -0.30113136793709744, 
      0.0, 
      -0.9535826651341416, 
      -0.30113136793709744, 
      0.0, 
      -0.9535826651341416, 
      0.9550641368112373, 
      0.0, 
      -0.2963992148724529, 
      0.9550641368112373, 
      0.0, 
      -0.2963992148724529, 
      0.9550641368112373, 
      0.0, 
      -0.2963992148724529, 
      0.9550641368112373, 
      0.0, 
      -0.2963992148724529, 
      0.3011313679370974, 
      0.0, 
      0.9535826651341417, 
      0.3011313679370974, 
      0.0, 
      0.9535826651341417, 
      0.3011313679370974, 
      0.0, 
      0.9535826651341417, 
      0.3011313679370974, 
      0.0, 
      0.9535826651341417
    ]
  }
]