{
    "lookat_camera": { "from": [0,0.5,4] },
    "meshes": [
        {
            "json_mesh": "monkey_rot_subdiv.json",
            "frame": { "o": [-1.25,-1,-1] },
            "material": { "kd": [0.5,0.7,0.5], "ks": [0.3,0.3,0.3], "n": 100 }
        }
    ],
    "surfaces": [
        {
            "frame": { "o": [1.25,0,-1] },
            "material": {"kd": [0.7,0.5,0.5], "ks": [0.3,0.3,0.3], "n": 20 }
        },
        {
            "frame": { "o": [0,-1,0], "x": [1,0,0], "y": [0,0,-1], "z": [0,1,0] },
            "radius":  10, "isquad": true,
            "material": { "kd": [1,1,1], "ks": [0,0,0], "n": 100 }
        },
        {
            "frame": { "from": [-4,10,5] },
            "radius": 2.5, "isquad": true,
            "material": { "kd": [0,0,0], "ks": [0,0,0], "n": 100 }
        }
    ],
    "lights": [
        { "frame": { "o": [4,12,5] }, "intensity": [60,60,60] }
    ],
    "background": [0,0,0],
    "image_samples": 1,
    "path_max_depth": 0
}
